model,shots,eval_time,f1,accuracy,f1_5_level,accuracy_5_level,ratio_valid_categories,mean_num_tokens,max_num_tokens,eval_speed
deepseek-r1:8b,0,7.123,0.21002490705260232,0.17833333333333334,0.02534825725965116,0.17833333333333334,0.665,1086.32,6161,152.508774392812
deepseek-r1:8b,5,4.248,0.2992554355636087,0.2966666666666667,0.16028516044418045,0.2966666666666667,0.9716666666666667,936.9383333333334,5302,220.55987131198995
deepseek-r1:8b,10,4.348,0.2776907647634391,0.2733333333333333,0.16655877573240452,0.2733333333333333,0.9733333333333334,1098.0566666666666,5198,252.5429316160687
deepseek-r1:8b,20,4.383,0.30411530176184326,0.29833333333333334,0.16134849355685302,0.29833333333333334,0.97,1401.475,5276,319.7524526579968
deepseek-r1:8b,30,4.188,0.31142484661865955,0.30666666666666664,0.20133325591320203,0.30666666666666664,0.9816666666666667,1699.93,5270,405.90496657115574
deepseek-r1:8b,40,4.403,0.29732652087225164,0.295,0.17701574053127686,0.295,0.98,2050.87,5808,465.78923461276406
deepseek-r1:8b,50,4.613,0.3223885888390465,0.32166666666666666,0.23389492416619512,0.32166666666666666,0.9916666666666667,2394.085,6614,518.9865597225232
deepseek-r1:14b,0,6.213,0.34012903000059697,0.32,0.19403738427798858,0.32,0.9516666666666667,659.5533333333333,2059,106.15698267074413
deepseek-r1:14b,5,4.38,0.3519369611079562,0.3466666666666667,0.2237638081446225,0.3466666666666667,0.9733333333333334,732.3733333333333,1885,167.20852359208524
deepseek-r1:14b,10,4.329,0.37269430827696776,0.375,0.28863894300447557,0.375,0.9783333333333333,877.23,2773,202.64033264033264
deepseek-r1:14b,20,4.307,0.38266893014473174,0.37333333333333335,0.30572622487756734,0.37333333333333335,0.9866666666666667,1179.39,2375,273.8309728349199
deepseek-r1:14b,30,4.379,0.353106922528249,0.34,0.25383305233115466,0.34,0.98,1508.3566666666666,3058,344.4523102687067
deepseek-r1:14b,40,4.446,0.3869330938794944,0.36833333333333335,0.3047069072745586,0.36833333333333335,0.9833333333333333,1841.115,3663,414.10593792172745
deepseek-r1:14b,50,4.558,0.3699684103342793,0.3566666666666667,0.2526646967206978,0.3566666666666667,0.9866666666666667,2169.5383333333334,5470,475.9847155185023
deepseek-r1:32b,0,12.403,0.3474889323966393,0.32666666666666666,0.1263675239605074,0.32666666666666666,0.9033333333333333,570.785,2126,46.01991453680561
deepseek-r1:32b,5,8.354,0.38112413049296945,0.37166666666666665,0.25619423406951664,0.37166666666666665,0.9783333333333333,714.6366666666667,1648,85.5442502593568
deepseek-r1:32b,10,8.407,0.3779160903975529,0.37333333333333335,0.29475716400524343,0.37333333333333335,0.99,865.6833333333333,2178,102.97172990761666
deepseek-r1:32b,20,8.353,0.3838279522105803,0.375,0.30397537539453345,0.375,0.9883333333333333,1167.7433333333333,2165,139.79927371403488
deepseek-r1:32b,30,8.255,0.4014596782971781,0.385,0.2752948835862049,0.385,0.985,1489.235,2369,180.4039975772259
deepseek-r1:32b,40,8.405,0.39423310162815095,0.38166666666666665,0.2457025761883366,0.38166666666666665,0.9783333333333333,1822.6233333333332,4105,216.84989093793376
deepseek-r1:32b,50,8.433,0.41135816658417634,0.3983333333333333,0.32053472893517104,0.3983333333333333,0.9916666666666667,2142.6966666666667,6345,254.08474643266533
deepseek-r1:70b,0,20.757,0.3397440950309676,0.33,0.19863274661319258,0.33,0.965,622.5083333333333,1344,29.990284402049106
deepseek-r1:70b,5,16.652,0.403276884246974,0.4,0.33283218593070385,0.4,0.99,730.6183333333333,1846,43.87571062535031
deepseek-r1:70b,10,17.251,0.44566297905385055,0.44,0.39309370030705965,0.44,0.9866666666666667,890.8366666666667,4621,51.63971170753386
deepseek-r1:70b,20,16.274,0.4400213217665354,0.43333333333333335,0.37231719460813817,0.43333333333333335,0.9966666666666667,1175.7066666666667,2584,72.24447994756463
deepseek-r1:70b,30,16.846,0.44069779160167677,0.43166666666666664,0.3656868570388952,0.43166666666666664,0.9883333333333333,1511.2133333333334,2576,89.70754679646998
deepseek-r1:70b,40,16.533,0.4325182422871054,0.43,0.3660952828725122,0.43,0.9966666666666667,1833.6366666666668,3399,110.90767959031432
deepseek-r1:70b,50,15.452,0.4267635054205277,0.4216666666666667,0.37275751186058015,0.4216666666666667,0.9966666666666667,2131.73,3476,137.95819311415997
DeepSeek-R1,0,31.217,0.42773818201737857,0.42,0.3879616985890409,0.42,0.9983333333333333,1006.465,4273,32.240926418297725
DeepSeek-R1,5,33.745,0.438405283768941,0.43166666666666664,0.38309203174582146,0.43166666666666664,0.9983333333333333,1289.8516666666667,4419,38.22348989973823
DeepSeek-R1,10,28.787,0.4601945273906429,0.4533333333333333,0.3993159800144086,0.4533333333333333,0.9983333333333333,1369.3916666666667,3839,47.56979423582404
DeepSeek-R1,20,27.07,0.4344281124506193,0.4266666666666667,0.38305779393218586,0.4266666666666667,0.9966666666666667,1575.8016666666667,4698,58.21210442063786
DeepSeek-R1,30,31.896,0.43315547325970927,0.42833333333333334,0.3740126975414625,0.42833333333333334,0.9983333333333333,1947.57,4492,61.06000752445448
DeepSeek-R1,40,31.899,0.4369473999855194,0.43166666666666664,0.37181668174238314,0.43166666666666664,0.9983333333333333,2231.3216666666667,4663,69.94958044661797
DeepSeek-R1,50,33.693,0.44568850488507117,0.44166666666666665,0.40085136035690944,0.44166666666666665,0.9966666666666667,2561.505,4930,76.02484195530229
GPT-4o-mini,0,1.528,0.3716583285270726,0.3616666666666667,0.2681164592866619,0.3616666666666667,0.985,292.62,340,191.50523560209425
GPT-4o-mini,5,1.337,0.4051950089062814,0.3983333333333333,0.28636755257591545,0.3983333333333333,0.9866666666666667,455.19666666666666,498,340.46123161306406
GPT-4o-mini,10,1.306,0.3887417933775526,0.385,0.27669699305869966,0.385,0.9866666666666667,604.67,642,462.99387442572737
GPT-4o-mini,20,1.295,0.3909643801756225,0.385,0.285395005516788,0.385,0.98,910.2616666666667,962,702.9047619047619
GPT-4o-mini,30,1.284,0.3927153775421944,0.3883333333333333,0.31203434816523745,0.3883333333333333,0.9833333333333333,1237.305,1283,963.6331775700935
GPT-4o-mini,40,1.226,0.3956887175991755,0.39,0.3209598079592768,0.39,0.9883333333333333,1567.7733333333333,1622,1278.7710712343664
GPT-4o-mini,50,1.248,0.39303771546855487,0.39166666666666666,0.2785860600958883,0.39166666666666666,0.9916666666666667,1889.235,1933,1513.8100961538462
GPT-4o,0,1.939,0.4152197848958018,0.405,0.26647642488534196,0.405,0.9683333333333334,296.9433333333333,347,153.14251332301873
GPT-4o,5,1.533,0.44648593089343536,0.43666666666666665,0.2916926399081881,0.43666666666666665,0.9683333333333334,458.44166666666666,522,299.0487062404871
GPT-4o,10,1.43,0.4598816609633973,0.45166666666666666,0.30745073135452694,0.45166666666666666,0.9716666666666667,606.63,653,424.21678321678326
GPT-4o,20,1.545,0.4573166867637274,0.4483333333333333,0.2929549156179455,0.4483333333333333,0.9616666666666667,914.08,973,591.6375404530745
GPT-4o,30,1.651,0.4506138303445344,0.45,0.29754035207586904,0.45,0.9733333333333334,1240.8683333333333,1296,751.5859075307894
GPT-4o,40,1.605,0.43352050604735987,0.4266666666666667,0.3021641172770039,0.4266666666666667,0.965,1571.9166666666667,1615,979.3873312564901
GPT-4o,50,1.636,0.4529556763768355,0.4483333333333333,0.2982980557593059,0.4483333333333333,0.97,1892.9416666666666,1937,1157.0548084759575
